filename,chroma_stft,centroid,bandwidth,rolloff,zero_cross_rate,mfcc1,mfcc2,mfcc3,mfcc4,mfcc5,mfcc6,mfcc7,mfcc8,mfcc9,mfcc10,mfcc11,mfcc12,mfcc13,is_hungry
202312150718_F_1.WAV,0.332472742,2299.522086,1658.911216,3594.292219,0.180346112,-398.9951477,98.06587219,-35.79732895,68.37744904,5.60744381,-9.938232422,7.669373989,8.371386528,-0.687092245,5.774326324,-5.441158295,7.561549664,7.870271206,1
202312150718_F_10.WAV,0.257259786,2860.779375,1666.205474,3916.826315,0.250416475,-478.0220947,48.89361191,-34.53953934,94.60128021,12.10070992,1.227466226,13.08806515,11.49486828,-12.63822937,20.95644379,-3.511326551,30.63066101,18.9975872,1
202312150718_F_11.WAV,0.244653732,3023.082598,1412.578221,3890.019956,0.257133152,-395.245636,47.3070488,-72.15114594,67.88641357,5.045493603,-7.989507198,16.86174011,11.28498363,-20.3463459,14.81077003,-9.236409187,10.24043179,13.04734898,1
202312150718_F_12.WAV,0.321499884,2424.655482,1664.391527,3717.027524,0.204975329,-465.9057312,71.45105743,-27.70584869,90.76577759,21.02258873,-1.824096322,9.510012627,3.29050231,-12.30325031,19.97509384,-12.63508606,25.32452965,28.00340843,1
202312150718_F_13.WAV,0.227065757,2832.145598,1295.430048,3820.830554,0.249904726,-473.4516907,60.29389191,-51.41499329,105.0821609,12.125103,-11.53222275,12.58774757,-2.568005562,-7.82379818,17.89956856,-0.04499089,34.37342834,20.43622208,1
202312150718_F_14.WAV,0.242927849,2314.388624,1653.000848,3475.147661,0.201495435,-507.6577148,76.55434418,-37.57327271,68.63264465,20.91762543,9.150607109,4.422636032,4.27251482,-12.4401741,19.71189117,0.454676419,22.95610428,31.59370804,1
202312150718_F_15.WAV,0.261700153,2408.633632,1411.648124,3295.537109,0.197460938,-491.5906372,66.8286972,-58.82039261,62.27852249,27.30759811,-4.744804859,-1.207100987,4.558088779,-16.05203438,13.29543591,-6.119797707,20.49154663,26.35261536,1
202312150718_F_16.WAV,0.21516262,2533.471976,1201.400745,3217.764517,0.235520583,-484.8901367,73.20161438,-66.46794128,58.5353241,21.28913116,-4.51936245,14.22350121,-1.516466141,-17.99865913,16.10061836,-1.126082182,20.45927048,32.94993591,1
202312150718_F_17.WAV,0.228191048,2391.551888,1349.373755,3297.827148,0.220997644,-484.7103577,76.11633301,-53.60060883,59.43761826,20.25973701,5.658760548,10.05809593,6.056163788,-20.11318016,11.46468163,-3.630067348,16.13337517,31.11214828,1
202312150718_F_18.WAV,0.225266665,2669.28389,1294.654753,3622.775795,0.22203327,-486.336792,65.06083679,-59.15512085,84.92901611,15.8539896,-2.956264019,4.739544392,1.713101387,-17.60339165,16.50442505,0.849719882,21.57041359,31.94193459,1
202312150718_F_19.WAV,0.218291208,2030.95397,1721.962626,3229.633159,0.140105217,-450.184021,95.3176651,-21.00940895,64.79485321,29.58852768,-1.428693175,-1.469458342,4.281475067,-20.99284172,-0.232170656,-8.021814346,19.42255592,11.97214699,1
202312150718_F_2.WAV,0.244790688,2458.156055,1765.642258,3927.199485,0.201541785,-534.7341919,71.51811218,-28.99503517,88.00280762,18.59120941,-0.197772354,0.091651715,-8.945398331,-3.163205862,1.039777398,-0.063251354,22.2848053,13.39067364,1
202312150718_F_20.WAV,0.219776705,2117.711767,1562.339823,3456.378174,0.192871094,-513.7091064,98.07696533,-27.71997643,80.27605438,41.89561462,4.086960316,11.41816902,-8.086846352,-18.18791962,14.28781319,-11.41153812,15.42729378,21.77579308,1
202312150718_F_21.WAV,0.216219604,2449.191634,1420.937784,3583.035278,0.214274089,-474.9585876,84.54784393,-50.70332718,77.32846069,31.29091835,-6.139326096,12.36057186,-4.439741611,-11.14043427,14.03679657,-20.03783607,12.64122009,31.28630066,1
202312150718_F_22.WAV,0.318044126,1995.699626,1491.178484,3262.280273,0.17405599,-513.6719971,89.51013947,-31.22454071,89.31074524,35.54458237,8.365444183,13.58776474,2.869045019,-8.574495316,10.63990498,-3.636272192,10.81147766,29.22888374,1
202312150718_F_23.WAV,0.197071075,2134.988309,1464.490367,3392.883832,0.186151919,-530.8009644,87.19720459,-37.5757103,77.49063873,42.15019226,10.09673119,10.20497417,-3.877251387,-8.094241142,16.95251465,-5.903484821,19.72415352,27.90644646,1
202312150718_F_24.WAV,0.232433408,2404.014013,1579.320721,3776.227166,0.210262523,-548.385376,64.86321259,-35.31990433,95.0763092,32.2460022,12.41342926,22.78907394,6.855938911,-0.243795276,14.49194908,-7.723245144,20.7351284,21.5897007,1
202312150718_F_25.WAV,0.230954766,2294.003852,1676.182211,3564.595112,0.198871813,-515.8359985,79.57283783,-30.52554512,74.24538422,22.28192711,7.791670322,10.35865498,-0.576281548,-7.136631012,15.83059883,0.66214484,25.41210365,26.85446358,1
202312150718_F_26.WAV,0.214001015,2376.429035,1423.435025,3550.735474,0.197143555,-513.2797852,74.10614014,-49.31341553,90.83827972,29.92420006,0.633626163,13.10559082,-3.640722513,-0.431149483,13.60640621,1.194459438,28.69818687,24.40492439,1
202312150718_F_27.WAV,0.282582074,1881.094364,1836.76308,3246.697034,0.149979441,-557.8814087,101.6318893,-17.05247116,48.21342468,32.08292389,13.03557968,7.557398796,3.838128805,-16.93881989,21.90031433,6.905638695,20.53305626,28.69824791,1
202312150718_F_28.WAV,0.274814039,2095.915769,1929.256565,3642.277976,0.167040058,-517.6234741,87.62773895,-5.553006172,74.72353363,36.89249802,7.097930431,-1.782836437,-7.623241425,-19.63849449,11.26313019,-20.31170845,19.20079041,20.2934494,1
202312150718_F_29.WAV,0.234855562,2166.574248,1979.588535,3581.218782,0.159243724,-516.5640869,81.93491364,-15.48408413,40.91411972,21.75116539,22.55532074,8.719115257,26.02962875,-25.40332031,10.53783703,-3.247715473,11.86176968,31.97567558,1
202312150718_F_3.WAV,0.30736348,2803.311209,1437.697378,3601.764679,0.236221313,-456.565918,47.93645477,-33.25,109.7333603,9.356798172,-25.36230087,8.14087677,16.18109512,-17.79250908,18.10215378,-4.258580208,23.89505196,13.27370644,1
202312150718_F_30.WAV,0.255019516,2287.574644,1671.835614,3393.516417,0.162927576,-442.7200623,70.96627808,-31.47480392,59.06299973,19.62889671,0.921991944,-2.317104816,0.843256176,-12.38018036,10.41566658,-6.66972208,31.87125778,24.58163261,1
202312150718_F_31.WAV,0.248827294,2092.37479,1571.202877,3494.797457,0.149348332,-442.666687,95.57250977,-43.76646042,59.46587372,15.3527317,11.03599453,-0.539342105,-7.446677685,5.521876812,6.316869259,-5.933930397,15.56020069,20.80869675,1
202312150718_F_32.WAV,0.228174672,2654.2242,1374.642897,3584.082031,0.257725694,-494.8514709,69.96607208,-52.78730392,89.57575226,14.8357811,8.546085358,28.10938644,1.209632516,-13.44797611,17.5258255,2.803740501,15.62412834,28.66433716,1
202312150718_F_33.WAV,0.22514385,2297.51045,1332.730035,3207.283309,0.222049198,-487.9986877,89.41965485,-53.6265564,54.34397888,27.85101509,13.21231842,17.54973221,4.621603489,-22.39531708,19.91729355,5.840754986,11.80967522,28.97204018,1
202312150718_F_34.WAV,0.253829241,2658.538412,1803.818648,3828.697138,0.218580163,-494.9977417,55.87917328,-30.76847458,86.48873901,26.74028969,-10.90098286,6.068571091,7.817374706,0.927821755,19.83491707,-2.208787918,18.68904686,32.82500076,1
202312150718_F_35.WAV,0.217227235,2530.826178,1453.595823,3667.822266,0.17639974,-450.5013733,49.88017654,-39.56823349,74.0786438,22.58336449,-5.091525555,4.456542015,-7.613731861,1.689150095,30.60320091,2.284890413,21.71004677,24.24228287,1
202312150718_F_36.WAV,0.274474978,1836.826602,1442.42679,2710.96694,0.137867647,-432.6352844,85.51115417,-9.292717934,85.67303467,38.63497543,1.766032577,10.2743454,0.386600256,-6.076623917,22.22854996,-11.26513767,18.01547813,14.0024271,1
202312150718_F_37.WAV,0.218356073,2717.413993,1483.947074,3790.705078,0.2371875,-544.8321533,51.85269928,-37.70190048,108.8639755,15.41224861,-0.132269129,24.5303669,5.641973972,-0.259162515,20.94239235,3.219051838,17.7804203,11.59370232,1
202312150718_F_38.WAV,0.198329926,1944.335621,1693.097238,3224.760298,0.139766809,-536.7388916,100.9757385,-38.23100281,44.1287384,33.10848236,7.180437088,21.80013084,8.651197433,-26.14210892,20.92455482,-1.415239334,7.786128998,27.17819023,1
202312150718_F_39.WAV,0.232538462,2140.928733,1693.438972,3388.946174,0.169088925,-534.8679199,87.69682312,-36.32064056,61.11538696,30.03677368,12.64156818,8.391546249,10.21293449,-18.21323586,15.18941021,-5.80452013,12.01666737,36.20537186,1
202312150718_F_4.WAV,0.370066971,2436.869947,1805.268714,3921.924172,0.187300561,-543.7919922,57.26961517,-20.43644142,95.50318909,19.50766182,6.275066853,15.12629604,6.387798309,0.339627177,7.777134895,5.356262684,22.74292183,3.238553286,1
202312150718_F_40.WAV,0.283726156,1900.507706,1599.201155,3158.651733,0.164916992,-548.1447144,104.4693832,-34.57773972,56.70589066,42.8807373,7.706751347,12.90000916,6.856771469,-21.11554146,13.97794819,-0.289998323,4.585045338,30.96469116,1
202312150718_F_41.WAV,0.266195834,1953.439948,1702.170173,3247.7005,0.165710449,-540.5684204,101.4993515,-29.45087242,60.59968185,34.06175613,11.68188763,14.06217957,11.72533894,-20.65111923,14.21033001,-6.781485081,3.94921422,34.09124756,1
202312150718_F_42.WAV,0.212927967,2104.707586,1780.941371,3225.824938,0.176826343,-536.1157227,94.10881805,-28.24926758,39.29225159,36.43767548,14.09192848,6.114583015,16.56603813,-25.33287811,23.11474228,-2.567029238,11.16731262,34.00364685,1
202312150718_F_43.WAV,0.229463786,2136.886904,1633.330301,3369.783159,0.181840376,-519.2651367,94.81941223,-35.08756638,57.50346756,34.58779526,6.988894939,14.4729166,9.21739006,-20.25735092,19.79071999,-12.68131542,10.63562298,32.65310669,1
202312150718_F_44.WAV,0.243251339,1968.593492,1561.177122,3014.123237,0.174483136,-549.0914917,101.5061798,-43.97085953,49.87385178,44.18629837,7.150666237,11.12300777,11.92003345,-18.01254272,15.42809868,5.44991684,4.307849407,27.70849609,1
202312150718_F_45.WAV,0.252227068,2186.183896,1587.288995,3334.057617,0.171695964,-532.5681152,83.77881622,-33.39554214,77.66926575,28.71632195,-6.945854664,1.726215124,-0.206378549,2.917206287,19.29161453,3.926075935,25.81096077,23.44851875,1
202312150718_F_46.WAV,0.196869284,2271.708113,1528.082217,3323.111572,0.160009766,-467.3371582,73.91103363,-50.94661331,62.84428787,28.08276367,7.961961269,-0.338468492,2.058214188,-10.44536877,21.61736107,-1.186815262,24.77234077,28.13866043,1
202312150718_F_47.WAV,0.194221035,1919.430146,1709.573136,3161.304185,0.154107251,-565.6179199,95.72953033,-25.24764824,47.4184761,41.08466721,14.38060379,2.54947257,6.029060364,-8.642989159,22.55910873,-8.037585258,5.529650688,33.6394577,1
202312150718_F_48.WAV,0.215611443,2311.514347,1659.701167,3378.918457,0.153422038,-470.3809509,69.5222702,-20.5829792,65.02587128,22.19104004,-1.40880239,-5.538999557,-8.06125164,-11.84645081,25.66991997,-9.038626671,17.01612282,26.64489174,1
202312150718_F_49.WAV,0.25077042,2226.465718,1620.10621,3355.192057,0.178114149,-531.1635132,83.1293869,-35.34628677,70.27001953,25.24110603,3.314777136,-0.734687269,2.736809254,-13.90806103,24.76039124,10.29715157,18.74208641,21.0578289,1
202312150718_F_5.WAV,0.309038699,2443.732192,1627.494356,3596.6269,0.211584143,-530.9041748,71.84079742,-31.6191864,96.74987793,21.1936512,-6.152685642,12.60431194,6.7768116,-6.407235146,14.14081764,3.185542345,24.43804169,6.864821911,1
202312150718_F_50.WAV,0.258432239,2541.693878,1724.842077,3599.470659,0.219304865,-499.9043274,71.89767456,-31.87536621,63.57268906,27.92053032,0.312561631,9.929693222,7.266453743,-23.68100166,29.38508797,-9.488310814,17.94521523,31.63487434,1
202312150718_F_51.WAV,0.209597364,1960.194973,1782.924953,3188.156363,0.126990685,-516.0647583,90.39722443,-22.96236801,45.31384277,19.43858719,18.4872551,0.855110288,20.76396942,-15.67896843,3.038763285,-1.222220182,17.54431534,25.75461578,1
202312150718_F_52.WAV,0.212151214,2025.949912,1589.096755,3192.923328,0.153978924,-528.7453613,91.26660156,-35.27896118,47.31624603,28.8829174,12.61210155,18.773592,11.23204613,-18.91891289,15.80567646,3.284464598,14.82104874,30.45934296,1
202312150718_F_53.WAV,0.169006944,1856.590284,1711.805054,3325.276346,0.113457862,-490.7510681,93.69277954,-26.01764107,49.83467865,6.849545956,18.30420876,-15.33763599,5.107969761,0.811249197,1.341050148,11.13561916,33.17375183,34.41214752,1
202312150718_F_54.WAV,0.185537487,2059.673891,1997.46223,3452.290853,0.120686849,-530.0279541,82.65714264,-7.084290028,45.22998047,19.56070137,4.924932957,-4.553134918,12.89242077,-12.74447632,19.56785393,1.571299434,26.13321877,31.46820068,1
202312150718_F_55.WAV,0.217898905,2115.801935,1718.159317,3172.144494,0.174917368,-546.8765259,86.56356049,-29.8747654,44.72011948,32.8759079,2.154687166,7.556202412,18.73758888,-19.32120705,15.45250988,2.678525209,15.45108128,26.41940498,1
202312150718_F_56.WAV,0.232128218,2070.24584,1637.904365,2998.498535,0.175736861,-506.0723267,93.93373108,-31.62049866,40.86743546,26.98725891,9.616753578,0.545680344,33.01669312,-22.13532829,-1.02799201,-1.653686762,5.358011723,25.05549812,1
202312150718_F_57.WAV,0.246033207,2161.860331,1443.432025,3048.397592,0.199547401,-501.067749,95.11307526,-50.47014999,43.58782578,28.50658035,12.67966557,13.23521996,23.25477791,-21.20041847,7.698990822,-1.36624527,12.76716709,27.93129539,1
202312150718_F_58.WAV,0.16007176,1526.86041,1497.111747,2467.011636,0.107570842,-532.2230835,113.9994431,-20.98059273,31.13053894,19.54055214,13.24447346,12.99296856,24.78555679,-8.838479996,-5.005340576,-3.014023304,-2.813776016,25.60182381,1
202312150718_F_59.WAV,0.215958014,1962.115617,1751.585915,2896.435547,0.139180086,-513.8479004,99.16997528,-18.7863102,40.9588356,22.82962227,4.392879963,1.068854809,18.16403198,-22.29452324,10.30405426,-2.534224033,22.19113731,29.7224102,1
202312150718_F_6.WAV,0.173565194,2463.705789,1489.92738,3514.367255,0.207233297,-542.7761841,61.23883438,-35.86275482,91.73165894,30.82836533,1.247832894,14.06786156,5.59288311,-0.818042219,27.87419319,5.044638634,21.19692039,15.29715061,1
202312150718_F_60.WAV,0.179465532,1735.022731,1888.310581,2782.089844,0.122447917,-536.7909546,108.6543732,-5.641041756,30.79732513,28.71486282,10.89566803,-10.47863388,28.79341125,-11.32589722,-6.670745373,-3.744446278,16.66617203,24.337286,1
202312150718_F_61.WAV,0.224836394,1933.603044,1651.218608,3029.298076,0.179055136,-520.2721558,105.8531876,-31.40871048,45.78860092,31.7154007,5.315848827,8.221735954,24.28916168,-22.66192818,5.064250946,4.118007183,20.23431587,27.34673691,1
202312150718_F_7.WAV,0.335616797,1864.276074,1829.045697,3232.564453,0.136933594,-540.6312256,95.13738251,-24.85479546,57.34973145,38.88043976,16.01145363,9.264545441,22.07306862,-23.8704071,23.58157158,6.871386528,13.47861862,39.53657532,1
202312150718_F_8.WAV,0.279372454,2619.92566,1490.293411,3734.896956,0.256667565,-497.1771851,60.7612381,-32.74155426,98.54116821,25.11436272,2.05692482,23.32559395,6.034422874,-14.16176319,22.51931381,-9.703749657,25.91676903,24.23352814,1
202312150718_F_9.WAV,0.234247372,2491.580149,1560.977761,3584.442079,0.259338971,-475.6366577,75.47415924,-31.47842598,81.51566315,22.66446495,2.364053488,29.67952538,11.81032085,-22.31088638,25.48288155,-12.15991402,18.67751503,35.22938919,1
202312160836_F_1.WAV,0.28901118,2600.240143,1712.903582,3707.626065,0.199692235,-531.8272705,49.953125,-53.62258148,65.57440186,24.45375252,8.400061607,1.333590627,23.81576729,-14.98704052,6.65794611,0.5804708,13.55393028,35.88340759,1
202312160836_F_10.WAV,0.278587729,2599.414202,1474.295161,3700.839844,0.203862847,-472.585907,47.85617447,-62.60425186,82.01958466,30.25354004,9.146982193,-11.43462181,16.44418144,-8.713738441,13.61198902,4.91336298,11.39424896,28.7909584,1
202312160836_F_11.WAV,0.263017714,3063.537323,1560.973537,4182.508042,0.236950444,-463.1627502,16.21194077,-48.15282822,78.7247467,12.15710831,8.776258469,-21.66692543,7.789919853,-16.77985764,9.028318405,-14.95129395,16.88371086,34.12411499,1
202312160836_F_12.WAV,0.193001464,2016.071828,1697.074618,3186.597398,0.121883617,-546.2221069,80.0960083,-26.06645966,61.97772598,20.0214138,-3.806389809,-9.891521454,9.022204399,-5.5987854,5.924622059,2.813906908,21.90512276,30.10158348,1
202312160836_F_13.WAV,0.255739987,2865.812325,1785.607242,5077.648926,0.207085503,-438.0391846,47.25270462,-66.17292786,56.60625839,-2.206493855,9.178059578,-21.9925499,26.59044266,-10.09993267,-2.03436923,16.19915771,12.42154789,11.1677227,1
202312160836_F_14.WAV,0.206707373,2644.804544,1312.747967,3235.36377,0.225241268,-499.9683533,51.40647507,-44.82393265,79.07496643,34.16329956,-0.381664276,-11.14514351,9.767921448,-21.42712402,20.03857613,7.864850044,6.006449699,21.4157505,1
202312160836_F_2.WAV,0.286379874,2831.671223,1680.407863,4218.513997,0.20614511,-377.6262512,40.9168663,-59.25270844,74.36849213,7.590268135,4.480596542,-22.90740776,28.44881248,-24.53258896,-3.018522024,-15.90661526,-6.167179108,10.31469536,1
202312160836_F_3.WAV,0.232444912,2836.267277,1463.913258,3855.064509,0.22272198,-509.5203247,26.51250267,-51.95246124,97.04232025,20.39210701,17.30885696,6.152031422,16.86800385,-7.640162468,10.28364086,-1.670221567,20.20930099,28.05269241,1
202312160836_F_4.WAV,0.225663185,2967.338035,1425.316872,3918.818665,0.236673991,-498.9975281,19.03656578,-48.86805344,102.6508179,17.26182556,4.446816921,3.058209658,14.91276836,-5.049783707,16.77788353,0.145917103,23.12603188,15.54411316,1
202312160836_F_9.WAV,0.22068052,2986.311609,1561.484237,4143.257446,0.265270996,-423.973938,31.71816635,-47.61016083,87.25675201,12.01043415,14.97034645,-15.02517128,10.95901966,-12.77426434,21.79924583,-8.807693481,7.828211784,35.39920807,1
202312171010_F_1.WAV,0.348263949,1750.358662,2116.074541,3535.333252,0.085964627,-604.0183105,81.71468353,3.039859533,53.87844467,34.32217026,17.91619873,15.31930733,31.09788704,10.9254694,6.367630482,-20.55636978,5.01868248,20.66818047,1
202312171010_F_2.WAV,0.166664034,2443.98223,1683.613643,3405.476074,0.206722005,-569.6481323,57.14002228,-35.01433945,61.33187485,36.96902847,3.291807652,8.830928802,29.38306046,22.96885872,34.85626984,-21.87927628,-33.09999466,9.032442093,1
202312171010_F_3.WAV,0.394535661,1265.369855,2155.507198,2315.218099,0.040482133,-656.1167603,100.1437454,26.21696281,41.70036316,40.43497086,25.84353447,9.201997757,29.19870949,17.49817085,4.0952034,-11.59751987,5.262438774,10.78381348,1
202312171010_F_4.WAV,0.15458414,2441.492291,1685.602278,3402.246094,0.204637097,-572.161377,57.39346695,-33.75886917,62.34335327,37.00091171,2.504121304,8.269630432,29.58667946,22.92533875,34.23681641,-22.76490021,-33.67961121,9.917827606,1
202312111148_T_11.WAV,0.575425684,2161.872999,2689.491302,5138.981746,0.077664889,-435.9687805,95.63636017,14.91481209,34.00100327,22.51919746,8.944406509,-8.972488403,-2.696856022,4.922633648,3.729371786,-5.663203239,1.16486156,1.827676058,0
202312111148_T_12.WAV,0.57939285,1406.715737,2098.686106,2744.896129,0.043989702,-506.1315308,127.3667603,19.01220703,38.54526901,34.70136642,17.58810234,-20.47307396,-22.41628647,-1.112891555,18.64530754,-0.756263316,11.53451729,-5.47877264,0
202312111148_T_13.WAV,0.546418726,2036.735628,2582.351077,4915.59231,0.072629767,-465.5964355,104.3297195,15.45749378,22.30546761,29.50816917,21.68404198,-16.83336449,3.679450274,-0.919649303,0.696948171,-9.592861176,3.904957771,0.491958618,0
202312111148_T_14.WAV,0.585170209,1738.265731,2446.339649,4320.703125,0.055215641,-396.696106,117.0466919,27.30773926,22.85643959,12.9085331,23.157341,-11.54666805,-7.404927254,5.825899601,3.862835646,-8.770558357,9.789974213,5.658760071,0
202312111148_T_15.WAV,0.62250495,1914.154059,2582.701125,4665.465467,0.061329809,-488.0133667,97.13890839,36.68191528,42.64668655,14.85313129,22.95788956,-8.165293694,-8.517419815,4.943074703,10.30776596,-3.777621508,9.183932304,8.366580963,0
202312111148_T_2.WAV,0.582865655,1540.966236,1888.170172,2779.321289,0.076859455,-466.574707,134.1660156,-7.350105762,31.47245407,30.27752304,9.664259911,-17.72324181,-22.15821838,-9.832590103,9.963388443,-1.092794418,22.72816467,14.28133392,0
202312111148_T_3.WAV,0.549315035,1575.716497,1896.140368,2883.654785,0.077213542,-485.1731567,128.108963,-5.300577641,41.58232117,16.20334053,19.57832146,-14.81327534,-20.22725296,-7.077702999,6.652122021,1.753115058,21.66216469,22.45542526,0
202312111148_T_4.WAV,0.553999722,1780.888314,2276.570308,3803.24707,0.069943798,-510.633728,111.7703018,15.06481934,37.96062851,10.51328087,11.0493412,-15.04890633,-8.524178505,-3.589364767,10.4753294,10.18398952,16.41776657,5.21800518,0
202312111148_T_5.WAV,0.483706504,1030.844725,1987.626144,1532.446289,0.031336167,-589.213562,136.7919312,67.37274933,43.39966202,11.12671661,10.81715775,-19.3923111,4.805421352,-10.21715355,1.226030707,-6.873758793,-0.135408387,4.699728489,0
202312111148_T_6.WAV,0.532087564,1664.011697,2371.62775,3877.746415,0.055784461,-471.624939,110.6154251,43.80690765,45.2639389,5.798295021,15.83736038,-13.97240829,-5.92397213,0.083211981,-3.246290207,-6.152683258,8.199710846,3.637673616,0
202312111148_T_7.WAV,0.602899551,1581.620269,2308.608832,3299.226717,0.056990132,-502.0374451,120.3954163,48.18399811,40.08454132,9.489695549,-3.213722944,-21.00457573,-3.755305767,4.367213726,-2.417636156,-8.350950241,3.778554916,2.575308323,0
202312111148_T_8.WAV,0.507851064,1238.852104,2133.789102,2388.822686,0.035897943,-535.6219482,126.5061417,59.07525635,53.41627502,13.70664787,-2.179408073,-20.31245613,-11.62894058,3.115838528,3.951895475,-8.248313904,2.823971748,5.090451241,0
202312111148_T_9.WAV,0.494602829,1196.698737,2010.235316,2466.235352,0.036326575,-540.2008057,122.2562561,46.62221527,65.15530396,18.1736393,3.847763777,-18.80810356,-5.713475227,-1.697592258,-7.213498592,-3.80886364,8.828671455,2.157263279,0
202312151410_T_1.WAV,0.637901127,2050.401514,2614.910178,4887.555023,0.082009387,-337.1421814,104.4757385,22.3937912,26.66643143,15.08020115,10.72763062,-17.20425415,-3.239266157,2.02260232,-1.439051747,0.801629782,4.713572979,5.316838741,0
202312151410_T_1_1.WAV,0.662469149,2045.808017,2773.073387,5126.609244,0.079762529,-380.2315979,105.7172012,26.50568581,18.87035942,33.08077621,19.06884956,-12.93167782,-5.079385757,4.945001602,-1.709626555,0.365635872,3.732588291,7.589437962,0
202312151410_T_1_2.WAV,0.648079336,1931.182148,2624.292493,4715.564434,0.067791279,-374.7246704,107.7489319,27.61207962,26.90087891,20.66681671,12.81792545,-17.19327164,-1.956915379,3.762662411,-1.828545928,1.365803242,4.897140503,6.034237385,0
202312151410_T_1_3.WAV,0.653011203,2822.414622,2926.1975,6361.73082,0.15868592,-323.0517273,77.08924103,16.91300583,25.52688026,16.86062813,8.586015701,-12.4144659,-0.924168646,5.788339615,-3.050803423,-4.176733971,1.59233439,2.482214689,0
202312151410_T_2.WAV,0.440001607,1986.862479,2212.121154,3962.288818,0.093424479,-391.0535583,116.1283264,-15.38641834,10.27869034,21.77355957,-0.475294888,-24.5984745,-19.9045639,-3.078819752,0.82269001,-6.07309866,7.205035686,10.55763149,0
202312151410_T_2_1.WAV,0.609090984,2191.187332,2632.41973,4889.620433,0.087402344,-467.3302002,107.0852661,22.38046455,18.63749313,22.18710899,10.33968735,-21.08618164,-1.617303729,5.955049515,6.239465237,2.401863098,3.541770458,-1.762634873,0
202312151410_T_2_2.WAV,0.537693202,2050.002107,2587.983686,4766.826014,0.076920048,-509.756897,106.3121643,29.16960335,29.43989754,11.28477669,8.076750755,-13.46780491,2.803134441,9.059886932,-1.561917067,-5.703087807,2.619349957,-1.924969912,0
202312151410_T_2_5.WAV,0.577005863,2122.719385,2612.505224,4824.834693,0.081841156,-487.3433228,106.7657166,25.67031288,23.7357235,17.09158325,9.207583427,-17.576828,0.459692329,7.557765007,2.613863468,-1.491348863,3.129516125,-1.899965048,0
202312151410_T_3.WAV,0.543506384,2641.044962,2793.940555,5809.606934,0.134422666,-395.0467224,87.20840454,11.76182079,17.90987015,15.02485847,5.144584656,-22.45419884,-6.47897768,8.212371826,-1.143251657,0.363114953,8.279582977,-0.880311787,0
202312151410_T_3_1.WAV,0.643027961,3235.233643,3074.950039,7106.293488,0.20400238,-409.0289917,66.31748962,16.55330467,22.17577553,17.31716728,6.948896408,-22.95338631,-11.96972656,2.621068001,0.916290522,3.155819893,9.551212311,7.651313782,0
202312151410_T_3_2.WAV,0.614184976,3133.839073,3143.711907,7276.290189,0.18351863,-412.1299438,73.34944916,17.44336319,17.48228645,22.17205429,6.567493916,-22.39037704,-14.7358551,8.935793877,0.459869176,2.114682674,9.015207291,0.322993457,0
202312151410_T_3_3.WAV,0.668095469,2991.301222,3010.215249,6706.137827,0.178176467,-408.631012,75.8647995,30.14632225,27.22535133,5.096624374,-3.229525089,-20.89582825,-1.502392769,4.200127602,6.745978832,-2.25978303,3.53958416,2.105674028,0
202312151410_T_3_8.WAV,0.633999527,3180.224894,3079.122251,7089.527073,0.193717824,-405.2982178,69.68625641,16.66072655,21.59552193,17.64510536,4.238367081,-22.35984993,-11.28497696,6.096798897,1.893031359,1.692630887,7.732239723,3.472839594,0
202312151410_T_4.WAV,0.689355254,2281.952198,2511.601435,4948.784448,0.111502831,-339.9140625,101.771843,5.289784908,25.0420475,4.022650242,8.39908123,-10.84992886,-3.539835215,8.227471352,4.688759327,-4.215406895,5.904774666,7.19548893,0
202312151410_T_5_1.WAV,0.693921089,1487.003067,1876.534771,2875.45166,0.062123326,-403.8218384,138.4526978,11.18260479,42.72727585,-4.3814888,-0.602830589,-30.21287346,-5.523227215,5.667808533,10.39187813,-4.811491489,5.937548637,6.126873016,0
202312151410_T_5_2.WAV,0.689576685,2054.884243,2353.531524,4367.862477,0.110006893,-407.0613403,118.8508606,3.100705385,11.16217613,-6.059329987,1.640731335,-12.46284008,-1.488664508,2.025734186,4.690449238,-4.730914116,2.817866325,1.942778945,0
202312151410_T_5_3.WAV,0.694071293,1498.098515,1999.201851,2960.131836,0.06554207,-425.439209,144.7980957,7.132648468,12.72175789,-1.548920393,-1.808585048,-11.71629238,-2.555089712,1.871597767,10.51307201,-4.782495499,7.454981327,5.711378098,0
202312151410_T_6_1.WAV,0.695108533,2047.777198,2308.762539,4146.082373,0.110683404,-437.5807495,115.7872238,-7.667252541,13.09849072,-1.445334077,-2.360566139,-10.2415638,0.664732277,-1.423738599,1.259433985,-7.870322704,4.890275002,3.688975573,0
202312151410_T_6_2.WAV,0.660663068,2070.685116,2403.11555,4528.724593,0.096021749,-435.6638184,113.6569748,7.885987282,16.72397041,4.559046268,4.350214958,-18.69325066,3.269513369,-5.812992096,-1.060694337,-4.571052551,2.991813898,2.616954327,0
202312151410_T_7_1.WAV,0.642809808,1470.76114,2051.365417,2987.731934,0.053973389,-472.7312622,137.151825,19.26922226,32.36667633,14.05254173,4.07207489,-32.08278275,-0.034024514,5.033182144,-3.343006134,0.931994915,6.601490974,4.899336815,0
202312151410_T_7_2.WAV,0.695125103,1662.806096,2308.498276,3597.552246,0.058530273,-390.284729,133.1522522,22.60312653,1.282143354,13.33471203,24.20675468,-29.2708416,0.139304578,8.411003113,-3.112376928,-3.080138445,16.93804169,0.921575844,0
202312151410_T_7_3.WAV,0.613960981,2219.090037,2715.428713,5243.220423,0.106621925,-489.7299194,111.8700943,39.01878738,5.658332825,-4.51721859,2.690850019,-23.0972023,3.845600128,5.568893909,-5.893028736,-7.795291424,3.900710821,0.477730274,0
202312151410_T_9.WAV,0.631032944,2117.449678,2616.843733,4693.770168,0.087688944,-451.8967285,98.77880096,10.94589138,32.25214005,30.07795525,20.81905174,-10.07931805,-14.31995869,2.351218939,-0.072681136,-0.935838938,8.301749229,11.2819643,0
202312192005_T_1.WAV,0.510335624,1766.560059,2357.448485,3808.945785,0.050222089,-459.4979858,121.1178207,11.92551231,7.588241577,10.09695911,28.53754234,-3.565100908,5.973081589,2.161854029,1.9987818,1.992230177,11.0161581,2.485212564,0
202312192005_T_10.WAV,0.561481535,1348.537147,2085.555786,2748.098145,0.038092913,-427.8085022,142.2826996,25.04440498,20.85162735,13.77438736,12.72932434,-16.43151855,3.728388786,2.339537382,14.82047462,-9.421831131,4.211200237,4.724545956,0
202312192005_T_11.WAV,0.579954922,1609.82068,2152.982069,3470.883179,0.05431574,-396.3537903,127.2849121,16.57486343,31.39822197,-3.80482626,7.08803606,-9.943853378,6.280724049,5.274567127,7.327642441,-9.570354462,7.303080559,5.896619797,0
202312192005_T_12.WAV,0.653601587,1748.497848,2272.989744,3835.667457,0.067680545,-336.739624,129.5601654,15.77343941,11.99258518,-4.725741863,7.202148438,-12.87639904,5.979833603,3.977760553,3.099776268,-2.776379585,4.796341896,4.807627201,0
202312192005_T_13.WAV,0.393039644,1993.559678,2713.197695,4874.360615,0.051678632,-473.5041809,95.73078918,42.57317734,36.00746536,11.11529732,14.18248177,-6.535792351,7.716022491,11.28476906,2.553019524,0.994336724,4.375430107,8.327780724,0
202312192005_T_14.WAV,0.584990382,2779.062168,2862.640243,6125.408489,0.135777915,-359.3720093,74.88532257,19.62295914,36.46994781,14.91234493,12.34022522,-7.527393818,-9.356067657,7.270608425,7.997578621,-3.745330095,2.494268656,8.300849915,0
202312192005_T_15.WAV,0.608478308,1923.445571,2180.635507,3706.057505,0.086294321,-347.7206116,121.191391,-4.579581738,26.18447876,16.72696304,2.224940062,-9.743408203,-5.411297798,8.468964577,6.913724422,-3.05690217,-1.49966383,6.558638573,0
202312192005_T_2.WAV,0.46356535,1926.891964,2559.589199,4462.397461,0.051584201,-476.0879822,107.8188477,18.66571045,14.31620693,17.39756393,17.1109314,-2.198763847,10.45806789,5.6339674,6.845876217,1.624296069,10.26702976,5.092582703,0
202312192005_T_3.WAV,0.439092338,1486.574551,2352.589309,3312.305581,0.028677591,-520.3768311,126.5427551,48.73908615,22.50694847,0.5231902,11.33238888,-7.670232296,5.227336884,11.04686451,0.609236717,-1.754734516,13.33811092,4.745203018,0
202312192005_T_5.WAV,0.478350759,1019.505991,1766.244378,1450.149852,0.022208378,-529.0318604,160.4842529,46.81061935,15.6888361,-5.570144653,9.835884094,-11.59036446,9.803171158,3.520828485,1.408261061,0.565011919,8.888324738,2.899181604,0
202312192005_T_6.WAV,0.394757688,896.5171336,1810.086239,1132.977764,0.017039764,-566.0343018,158.8253021,60.87704086,18.29708099,0.559129417,8.925469398,-13.42849922,12.31212711,1.63683784,7.33992672,0.420699447,7.255210876,3.563393116,0
202312192005_T_7.WAV,0.584241748,1723.237838,2275.256063,4048.568448,0.070216323,-392.8659058,126.2909088,16.0963707,26.82442665,-0.15634872,13.0855999,-15.485425,-11.70358276,8.340011597,16.04775429,-3.392162561,0.501612365,7.022182465,0
202312192005_T_8.WAV,0.587486029,1451.404315,2252.610927,3322.998899,0.039550781,-431.1768188,142.258728,34.07681274,6.704917908,4.476363182,10.99535465,-14.35498428,3.309285402,10.43905449,9.764891624,-1.299535394,3.899915218,3.437503099,0
202312192005_T_9.WAV,0.50025475,1370.555455,2284.810314,3004.697488,0.032337536,-462.736969,132.403595,42.57421494,18.22327423,5.721929073,12.77155495,-9.799628258,12.68152523,6.357871532,3.083098888,-2.172875881,6.023173332,7.869867325,0
202312132017_KAT_K_3.WAV,0.143969402,2000.937546,2057.87974,3744.470215,0.064732143,-291.0249329,52.93001938,-19.08107567,6.611374378,-29.7263813,-6.830765724,-38.84145737,-5.275367737,46.86510086,24.79503441,35.49066544,14.97977543,-20.07527542,0
202312132017_KAT_K_30.WAV,0.147350743,1423.913127,1948.308785,2243.253102,0.05172909,-329.9703369,97.36061096,16.21364403,-5.743011951,-14.56726265,-33.03304672,-33.74789429,3.11287117,9.185261726,-20.80615425,-22.37392044,9.713898659,-9.103722572,0
202312132017_KAT_K_31.WAV,0.218575791,1606.168286,1954.827658,2817.682962,0.072725184,-294.5476685,106.5637665,-5.98675108,-3.448751211,-8.132762909,-10.19805336,-25.04062462,-2.923842907,13.58956814,-8.586975098,-21.60493469,10.70425415,-9.660057068,0
202312132017_KAT_K_32.WAV,0.148197308,1827.028333,2295.01942,3037.078857,0.06262207,-318.7481384,78.15843201,-11.79776478,-27.0782547,-4.105490208,-14.60549545,-28.50107384,1.336410165,23.49720764,17.27165413,13.674366,14.66465282,-5.760337353,0
202312132017_KAT_K_33.WAV,0.173055455,1872.054364,2261.959425,3182.773062,0.068472055,-273.2563171,94.61669159,3.210704803,10.99243259,-8.568767548,-34.8741188,-11.90963268,0.910052836,42.81097031,13.36245155,1.748968601,12.3274641,-24.95333099,0
202312132017_KAT_K_34.WAV,0.224245027,2080.418702,1718.571986,3055.230243,0.107534555,-282.6979675,66.82198334,-66.52060699,-1.83299017,-6.275833607,-9.852070808,28.62526512,33.747715,14.97140026,-28.76642227,-21.32460594,15.99521828,12.27794266,0
202312132017_KAT_K_35.WAV,0.175394356,1726.66056,2265.950053,3443.242,0.050142728,-322.4264221,87.82771301,3.622211933,8.363301277,-5.380273819,-5.758298397,-17.44672585,-14.80061913,1.5800668,-10.19077206,-13.16982841,7.186559677,16.86322784,0
202312132017_KAT_K_36.WAV,0.198148534,1309.491392,1841.319683,2146.541341,0.049768519,-287.3832703,128.723999,-2.511811495,3.316492796,-14.85406113,-26.68685341,-25.17170525,-8.34499073,3.116753817,-9.644767761,-1.509923577,-0.948048472,3.614560127,0
202312132017_KAT_K_37.WAV,0.181692332,1982.396622,2131.758804,3592.262062,0.088471284,-344.4064941,88.40591431,-10.71158314,-6.292224407,-11.90429783,-4.915607929,-15.80288315,-7.194222927,16.47838211,12.37609863,9.628721237,21.62182426,-6.344040871,0
202312132017_KAT_K_38.WAV,0.164975241,1584.245112,1839.599938,2216.019933,0.075741039,-317.014801,95.7207489,-20.91688538,-4.042787552,-3.072473049,-23.14214325,-16.02738571,-8.548679352,3.409159899,18.17285156,14.5016098,27.69720268,23.87047958,0
202312132017_KAT_K_39.WAV,0.155008897,1203.799591,1781.543902,1525.492859,0.047271729,-368.0568237,102.3480606,-1.173025489,0.877421141,-1.190582514,-31.19878769,-9.66652298,-10.72587395,-13.74137497,-18.62308884,-3.534183979,23.98137665,39.8122406,0
202312132017_KAT_K_4.WAV,0.135712892,1627.407815,2143.319653,3092.499249,0.051494892,-306.3462524,107.4179001,8.579697609,4.248081684,-15.20250797,-4.447221756,-32.36359406,-34.2363739,0.695266426,-12.06453133,5.234568119,17.2111702,18.36623955,0
202312132017_KAT_K_40.WAV,0.147589475,1187.941858,1751.098234,1742.036133,0.040299479,-377.004364,118.2574387,3.933092356,-2.412730694,0.032170519,-20.433918,-20.77859688,-6.490902901,-7.192380428,-21.10001755,-17.96866226,2.64557147,8.008939743,0
202312132017_KAT_K_41.WAV,0.281756729,1751.88282,2014.286169,3096.743774,0.076171875,-255.628891,103.3067322,-29.35037613,-17.86886597,-23.44570351,-27.23119926,-4.075116158,-2.736776114,0.810600817,-4.395197868,-9.504605293,17.92269135,6.730733395,0
202312132017_KAT_K_42.WAV,0.17041114,1383.624718,1699.500793,1856.469727,0.067626953,-293.3068848,118.1589203,-23.36064529,-11.20315456,-3.631564856,-30.89943886,-17.42871666,-9.702005386,5.776747227,15.44566059,12.82890034,28.14626503,17.67282295,0
202312132017_KAT_K_43.WAV,0.248717383,1485.375988,1703.040948,2199.078369,0.070597331,-318.6795654,107.2931213,-10.86495876,-28.93547821,-17.71206474,-24.90714455,-6.649561405,22.17123032,34.62757874,22.67132759,-8.105147362,-14.64676094,-8.948043823,0
202312132017_KAT_K_44.WAV,0.184104785,1651.546942,2219.000774,3124.933356,0.054383974,-295.5928955,107.1942062,12.34574318,11.89103699,-2.699712038,-12.25656128,-12.95558167,-3.594670534,-4.052085876,-9.698154449,-10.03440285,3.586681843,0.376042455,0
202312132017_KAT_K_45.WAV,0.164059162,1505.423395,2005.189131,2453.588867,0.05754485,-305.5273743,101.9045715,4.342864513,3.64362812,-0.873574555,-22.7877903,-17.98945808,-0.484991342,-2.295555592,-5.419946671,-0.966021776,31.9251442,35.13383865,0
202312132017_KAT_K_46.WAV,0.159240767,1673.569425,1996.847044,2978.041992,0.06780599,-297.4206238,103.389534,-18.76610756,-29.16801262,-19.77711868,-16.51548958,-4.379240036,-10.32703781,4.017564297,-2.113673449,-4.182719231,42.93456268,24.80743027,0
202312132017_KAT_K_47.WAV,0.203611583,1621.950614,1944.263876,2619.409967,0.076187626,-330.0558472,114.0507813,-29.54779053,-34.54660416,-9.795996666,-17.37522697,-10.84714031,-4.978083134,7.003398418,0.898540497,2.930047274,31.31517029,21.95084572,0
202312132017_KAT_K_48.WAV,0.178301722,1594.399805,1818.607362,2466.53054,0.076615767,-300.9947815,108.6284485,-30.95470428,-32.24638748,-14.28242493,-11.83135223,-18.74933624,2.586196661,12.70600605,7.271781921,4.5976367,30.92644882,12.29133797,0
202312132017_KAT_K_49.WAV,0.310851604,1055.540488,1593.362562,1696.893311,0.040963309,-351.3532104,136.0330658,6.241035461,17.92618561,1.409414053,-15.70866966,-16.41932487,2.52011323,7.325048923,-4.624946594,-10.71042633,1.306572199,13.59107685,0
202312132017_KAT_K_5.WAV,0.185417339,1837.08326,1779.250228,3102.216797,0.076692708,-265.6407166,89.20067596,-44.13094711,1.340343237,-13.51496983,-1.071382403,-21.95796776,-12.40678406,22.38319588,-21.3533287,-28.82679367,7.38399744,22.93374443,0
202312132017_KAT_K_50.WAV,0.212007686,1579.496766,1749.621088,2385.085578,0.071340461,-282.849884,110.5838852,-28.82257462,0.842585385,-10.12087822,-24.89095306,-22.40738869,-2.453257799,9.692237854,-4.218770504,0.802570403,22.73451614,13.96161079,0
202312132017_KAT_K_51.WAV,0.169133425,1648.512115,1652.462028,2447.225627,0.073169465,-344.1259766,91.91285706,-28.74839783,5.140552044,-8.184910774,-37.7050972,-14.71065044,21.6131649,32.68218231,9.774561882,3.380756378,0.101827279,-18.2647686,0
202312132017_KAT_K_52.WAV,0.296569794,1649.356943,1871.762487,2601.928711,0.069759115,-336.9378967,115.9126205,-14.87949276,-35.47043228,-22.04007721,-14.72342873,-11.77560806,7.655781746,6.544305325,1.101987481,8.573586464,19.93428421,-11.58203983,0
202312132017_KAT_K_53.WAV,0.237417743,1336.423514,1396.53778,1790.422507,0.065860524,-283.3978271,115.2333755,-34.36131668,-43.86637497,-25.42869949,-23.0230751,-20.91656876,18.80766296,27.63443947,11.88625526,-7.776088715,-2.118880272,-7.287549973,0
202312132017_KAT_K_54.WAV,0.240837753,1786.741196,1960.78394,3403.074294,0.076040415,-355.2178345,104.19561,2.528991461,-10.97871876,-26.0996666,-18.2279911,-12.20557117,34.27476883,13.33534336,-19.22763443,-11.72246456,11.1733923,-3.117345095,0
202312132017_KAT_K_55.WAV,0.16415076,1257.33531,1524.906172,1824.400635,0.054882813,-356.7141724,96.70233917,10.23879528,3.593388319,-20.26827621,-6.605101109,-33.95230865,-8.667604446,-7.975658417,-17.04979515,10.19460106,37.99353027,44.18871307,0
202312132017_KAT_K_56.WAV,0.254482478,1350.132233,1410.78802,1873.672003,0.07448859,-335.3170471,120.8763885,-27.00066185,-30.13581276,-22.67207336,-17.73493576,-19.08472252,16.57058907,25.02969933,0.989586353,1.410324931,-7.449635506,2.552098989,0
202312132017_KAT_K_57.WAV,0.186085314,3004.226126,2019.225124,4829.137466,0.180060892,-336.0946655,50.42288589,-27.77983665,9.27158165,-0.548579931,11.65332222,37.58565903,-8.086964607,-21.59770012,-4.528408051,27.53660583,-10.71376324,-6.326984406,0
202312132017_KAT_K_58.WAV,0.172838584,2812.227078,2189.933291,4521.972656,0.184467516,-441.564209,81.36779785,23.88911057,18.64031982,5.48897171,-4.729879379,13.16270161,-1.249526858,5.906208992,18.92049217,-6.592155933,-45.05498123,14.85967064,0
202312132017_KAT_K_59.WAV,0.190477595,2505.173277,2061.719836,3907.415039,0.146894531,-378.7536621,78.32772064,17.64253235,5.33809042,-1.882540464,-1.531164289,20.67822266,16.9263401,-10.41192245,-8.232071877,16.45920944,-11.80600834,-20.31007004,0
202312132017_KAT_K_6.WAV,0.205747202,1831.151757,1680.662769,3050.793457,0.094447545,-245.6752472,91.16674042,-57.00939941,-4.380966187,-24.85870552,-10.31771278,-27.77568436,-4.713174343,16.41837883,-28.40135384,-9.626317024,19.01314926,18.38952446,0
202312132017_KAT_K_60.WAV,0.148701459,1529.390686,1988.422796,2696.895658,0.046299079,-315.7294922,89.03217316,13.87356377,14.74278831,2.241168261,-20.52090263,-15.60212231,7.146476746,-2.829319954,-24.96978569,-29.51633263,-5.920134068,-3.941570997,0
202312132017_KAT_K_62.WAV,0.464769006,2516.185472,2793.356841,6051.855469,0.127569289,-278.2366943,106.7056122,14.92160034,-17.91287804,23.32655334,7.830691338,-54.40748215,5.587024689,10.84235096,-8.698091507,1.789534807,-9.482988358,9.506035805,0
202312132017_KAT_K_63.WAV,0.233929649,2180.277723,2216.377295,4086.056593,0.106457222,-273.1598206,82.16561127,-18.46419716,7.341012955,2.35147047,-9.119227409,-21.62882233,7.966916084,22.84413147,9.962339401,0.414473832,8.503293037,-5.144616127,0
202312132017_KAT_K_64.WAV,0.162909105,1521.115194,2011.508696,2856.549394,0.055681195,-347.9972229,111.519722,-0.196822986,17.13116264,-0.847845256,-15.11563683,-13.34689522,-5.479531765,-3.371180058,-12.61503506,-15.95928955,11.46932316,3.364696741,0
202312132017_KAT_K_65.WAV,0.250690669,1284.822695,1427.935948,1985.311251,0.068438863,-322.9475098,142.7163544,-27.4127121,8.133877754,-1.315292239,-1.084382296,-20.69586754,-3.575726986,4.990411758,-20.29986,-9.291115761,-0.757208645,3.039206266,0
202312132017_KAT_K_66.WAV,0.181701377,1813.472202,1591.272696,2318.049316,0.130898438,-271.4615173,78.57406616,-48.38864899,1.360149384,0.174507007,-12.90686512,-23.18345451,2.889295101,6.065752983,-6.635180473,10.80363846,30.17314911,15.03983116,0
202312132017_KAT_K_67.WAV,0.188526258,1050.092769,1431.516437,1456.768003,0.047087296,-342.8144836,148.1436615,2.606834888,-14.87887287,-4.717281342,-9.909070015,-24.01474953,-12.90008545,4.417214394,-17.50286674,-14.12153721,-6.815300941,-1.233160615,0
202312132017_KAT_K_68.WAV,0.182086781,1138.700922,1208.280249,1693.945313,0.057508681,-327.4402466,136.6356049,-25.08744049,-15.86958408,-24.81064034,-22.0866375,-34.47539902,-5.680823803,11.34601974,-7.157046318,8.412560463,26.45787811,14.91132736,0
202312132017_KAT_K_7.WAV,0.233090937,2044.376641,2399.658063,4829.310192,0.04798473,-263.0255432,82.96811676,-0.676553011,9.132932663,-7.067058086,10.30120468,-58.18625641,-20.40510368,-3.804237604,-20.33937836,-7.958922863,-7.836515427,-8.112627029,0
202312132017_KAT_K_8.WAV,0.169068754,1227.325039,1708.670901,2089.318848,0.041097005,-364.6028137,122.5810852,21.97130013,-0.26358968,-37.87438965,3.17608285,-26.34246826,-14.18952084,14.0177412,-10.89544487,-3.808078766,18.68508339,15.14342594,0
202312132017_KAT_K_9.WAV,0.201084808,1176.808098,1652.857084,1839.473877,0.04230957,-334.0519409,139.8572235,17.52243614,-15.70905495,-23.26588821,2.191878796,-39.2935524,-18.34677124,21.11609268,-15.90737629,-9.589935303,5.657241344,-1.051234365,0
202312140742_KAT_K_1.WAV,0.193439946,1670.567376,1709.939309,2927.401839,0.086712015,-377.8614197,102.3539047,-22.43029213,7.974588394,-29.49879837,32.38729858,-10.79465866,-5.275808334,-9.077750206,-14.28165913,-0.618824422,20.30330849,35.09098816,0
202312140742_KAT_K_10.WAV,0.161283657,2480.205277,2094.486745,4521.374512,0.133449978,-358.8894348,56.53274918,-53.35816193,2.231282711,-25.49671173,21.63976669,17.8691082,-8.7993927,35.60004425,7.541258812,31.12128448,6.950278282,11.9375267,0
202312140742_KAT_K_11.WAV,0.178671867,2482.442288,2056.0364,4574.932696,0.132126267,-357.9911804,52.71883774,-65.79553223,-5.401427746,-25.89481735,25.17780113,17.57029724,-11.24453449,30.36275291,-3.750965357,23.80000877,-6.340290546,7.308095455,0
202312140742_KAT_K_12.WAV,0.202465102,2702.582902,1946.309579,4491.256175,0.173698874,-337.1833801,33.49612427,-83.12434387,-9.981426239,-27.70868301,23.22201538,26.30912971,-10.46374226,39.16842651,7.04883337,9.980382919,-14.01734257,-3.381891251,0
202312140742_KAT_K_13.WAV,0.175310597,2805.965745,2288.77079,5115.992053,0.151602909,-373.6676331,46.24933624,-44.16752243,1.114032507,-34.45759201,24.18189049,6.299180508,-9.084897041,35.15888977,0.305335641,29.5147438,-0.46438086,-1.977937222,0
202312140742_KAT_K_14.WAV,0.178494647,2395.021049,1894.442007,4368.448893,0.133716725,-351.0774231,59.45785141,-56.5497551,3.527959585,-35.66751099,33.69364929,-11.84444809,-10.87813187,20.87008858,13.85897446,31.20337677,12.22976112,4.782684326,0
202312140742_KAT_K_15.WAV,0.158549339,1995.532072,1930.468494,3955.043793,0.100479126,-365.9281311,73.64271545,-44.06380844,-2.973123789,-31.58104515,29.94584084,2.937462568,-28.41619492,-1.406289816,-17.68014908,14.01768303,11.00220203,35.50565338,0
202312140742_KAT_K_16.WAV,0.158303365,2427.649565,2092.905513,4450.307465,0.114181519,-350.0757141,49.09520721,-56.5526123,-0.393890381,-23.14264297,13.4116087,3.623496294,-17.65450287,23.89245033,5.588722706,25.02604294,16.088871,13.5602026,0
202312140742_KAT_K_17.WAV,0.174804047,2164.983001,1877.481172,4021.488814,0.123254025,-374.725647,60.5146904,-63.04865646,-4.846671104,-28.29799271,14.30452728,9.875453949,-15.44140816,21.97135735,-0.458411932,26.69570732,14.73023415,27.14300919,0
202312140742_KAT_K_18.WAV,0.149976894,2005.75417,1778.003303,3596.044922,0.103347778,-355.1784058,60.38284302,-59.77906799,-4.215587616,-25.5788765,24.3700676,11.64640427,-24.12719345,2.361053467,-8.447593689,19.89410782,30.55469513,36.81684875,0
202312140742_KAT_K_19.WAV,0.199131802,2465.320758,2009.342563,4906.340332,0.126822917,-299.4959106,48.36198044,-59.78316879,8.545398712,-36.95904922,24.41448784,-10.93194962,-7.886773109,17.32357216,3.216186047,29.7982502,14.52835369,25.4358139,0
202312140742_KAT_K_2.WAV,0.172869638,1798.15056,1686.796727,2895.418294,0.106083623,-394.0656433,73.96340179,-36.08914566,5.701073647,-12.1231041,28.92339134,2.035089254,-19.36250114,-15.64120865,-17.13519669,1.438142896,18.71759415,56.84873962,0
202312140742_KAT_K_20.WAV,0.190540388,2012.290418,1761.171742,3561.651611,0.108276367,-374.2983398,76.94371033,-55.68372345,-0.202088803,-30.03434563,25.91394234,7.717445374,-4.7490592,14.50909233,-4.023329735,22.0828228,12.08137226,28.94221687,0
202312140742_KAT_K_21.WAV,0.176368609,1785.23865,1735.777848,3046.589355,0.098486328,-396.7462769,96.9376297,-46.68925095,-4.676493168,-29.83816147,22.79985428,3.297627211,-10.28479385,5.0803442,-17.07637215,18.18099022,12.83401203,48.7855072,0
202312140742_KAT_K_22.WAV,0.170983955,1990.413866,1792.171148,3561.146282,0.104155442,-397.4846497,70.84779358,-50.10033035,0.608775914,-23.75411797,25.43741226,0.904711783,-14.48697662,10.48685074,-15.78760529,20.62237167,23.72957611,51.66659546,0
202312140742_KAT_K_23.WAV,0.206107587,1822.969745,1733.574491,3446.466064,0.090785435,-322.4647522,96.27628326,-61.9682579,-6.62745142,-39.07664871,19.57753181,-1.473971248,-14.60629272,4.707245827,-15.09023762,7.471553326,9.388807297,45.66389084,0
202312140742_KAT_K_24.WAV,0.153342515,1824.496596,1584.475619,3238.148235,0.101528825,-351.2392273,78.8052063,-63.51734161,-2.015411377,-27.02166748,29.50505257,10.64626789,-23.28861046,-1.536945701,-21.92710304,13.60147285,23.86978531,53.52215958,0
202312140742_KAT_K_25.WAV,0.164342329,1620.957901,1536.313123,2632.234701,0.093514902,-387.84729,88.49853516,-46.85619736,7.231417656,-18.59471703,31.92983055,4.512578487,-30.81314278,-5.089004993,-19.84680176,7.14347887,16.98340034,58.23674393,0
202312140742_KAT_K_26.WAV,0.238212779,2331.494052,1995.899324,4548.216248,0.136169434,-377.8357239,74.90563965,-49.79248047,2.569988728,-28.27694511,27.33720589,3.501748562,-3.650991917,18.69125748,6.119549751,26.26397705,-0.132613659,12.76239204,0
202312140742_KAT_K_27.WAV,0.17465277,2101.195872,1891.433338,4117.552185,0.106277466,-391.9170532,78.42893219,-50.56245041,8.105085373,-29.23231888,24.16251373,-0.221539259,-11.16988945,18.04549217,-3.823452473,29.31999779,6.662045956,24.23350525,0
202312140742_KAT_K_28.WAV,0.194728076,2095.834263,1504.557907,3441.723633,0.136429398,-340.496521,80.42410278,-89.25952911,-1.923008561,-33.51150894,43.9310112,17.85463333,-9.129034996,19.45334625,2.603780508,19.17994118,-1.235450506,9.642047882,0
202312140742_KAT_K_29.WAV,0.164697036,1883.940238,1707.093534,3119.829853,0.10935622,-386.451355,86.87155151,-52.81946564,1.918709874,-18.55593681,31.94970894,7.968919754,-21.70511055,11.35340786,7.963593483,29.86665535,13.04867363,34.9795723,0
202312140742_KAT_K_3.WAV,0.172308683,1695.256682,1451.139431,2872.398793,0.112452652,-381.4737854,97.40982056,-51.74599838,22.41335678,-16.09098244,22.79289627,8.035612106,-31.45999146,5.855293751,-18.51582718,10.09581089,22.66635513,47.10485077,0
202312140742_KAT_K_30.WAV,0.228595346,1783.433523,1757.648187,3243.823242,0.102416992,-444.6983337,93.31114197,-38.52112198,10.70019627,-11.16701603,32.69213104,6.025067329,-19.92476845,4.12112999,-1.489696383,20.40897942,22.79446793,43.47595978,0
202312140742_KAT_K_31.WAV,0.16433911,1874.058515,1642.445756,3117.146484,0.123144531,-385.4814758,88.99375153,-51.17201996,3.680398226,-16.76645088,42.7336731,8.198084831,-22.35236168,7.810461521,-4.77310133,20.54719734,20.60259247,50.49427795,0
202312140742_KAT_K_33.WAV,0.199096128,2096.822319,1731.338001,3913.275146,0.11680385,-328.513855,64.30589294,-46.88928986,19.13303947,-21.14974785,57.54613113,-14.58048153,-14.63469028,-7.575491905,2.703517914,17.91290855,25.37874222,50.27504349,0
202312140742_KAT_K_34.WAV,0.146059826,2226.544654,2034.402956,4242.463235,0.119724648,-365.1537476,72.75406647,-27.16760063,15.82938385,-14.34398842,41.46974564,-5.999148369,-20.8075676,26.91055679,1.726585865,35.28668976,8.935925484,20.57692909,0
202312140742_KAT_K_4.WAV,0.183627471,1861.585272,1837.269546,3604.456329,0.08656311,-401.6983032,74.09506226,-35.41287231,15.28586006,-14.81185055,16.30308533,10.30120468,-20.07027817,6.458053112,-17.6420269,9.128040314,17.58839607,42.33702087,0
202312140742_KAT_K_5.WAV,0.166866481,2287.480531,1955.533854,4665.975952,0.10925293,-370.2490234,48.31510925,-42.19933701,14.55838013,-29.82885361,40.64025879,-3.530987024,-15.28361988,-4.782135487,-22.51386642,22.07364845,20.33568954,49.57521057,0
202312140742_KAT_K_6.WAV,0.203537554,2652.585335,2002.830636,4851.749674,0.154586227,-320.9565735,52.42647934,-87.56245422,-1.394578099,-32.74096298,32.58104706,11.67531967,-12.04654408,39.69753647,-4.437160492,20.3397789,-26.14999008,9.529737473,0
202312140742_KAT_K_7.WAV,0.173790634,2747.453864,2010.916242,5074.410695,0.145979256,-338.3424683,39.3715477,-78.7546463,-5.306600571,-27.22561073,38.2203331,16.3976059,-4.942214489,36.99747467,3.791134596,21.46323967,-17.27743721,-1.240168095,0
202312140742_KAT_K_8.WAV,0.23067452,2532.170165,2132.878695,4625.855812,0.135306693,-357.3812866,53.89257431,-49.7843399,8.999819756,-20.10250854,19.15192795,5.945662022,-9.923599243,32.96000671,2.013703108,24.93026733,3.312997341,4.438088894,0
202312140742_KAT_K_9.WAV,0.188168719,2422.450331,2017.796191,4470.176573,0.137972445,-375.1470642,58.25262451,-51.18598557,8.003468513,-22.50680733,19.65769196,7.830021858,-5.04255867,33.92411041,2.329339266,28.70227432,-2.44402194,2.867967606,0
202312091146_A_10.WAV,0.145054147,2066.591116,1660.401742,3031.14565,0.138144216,-573.02948,86.51882935,-40.04706192,20.69533348,28.08506012,11.0131464,-1.932299733,15.19816399,-23.49553299,8.141159058,20.08119583,19.65570068,18.45996857,0
202312091146_A_11.WAV,0.191313073,2560.796531,1381.992104,3344.329203,0.207115436,-506.0281372,58.27707291,-56.74663162,71.63280487,26.92817688,-6.152532101,-5.194299698,12.7213316,-13.92151737,9.005647659,12.33958817,22.55632401,12.645298,0
202312091146_A_12.WAV,0.195714757,2638.03112,1254.27299,3392.152405,0.221160889,-486.9489746,56.88767624,-56.89920044,86.24172211,21.89463806,-19.34304428,-0.482436061,16.45810127,-18.30295563,10.14354038,8.712252617,24.74729919,7.450362206,0
202312091146_A_13.WAV,0.171898037,2646.940899,1275.664643,3367.047589,0.223895733,-529.1725464,55.08455658,-48.94796371,94.48894501,29.99910545,-11.01610756,-2.33992672,18.86654854,-16.40230179,6.880537987,18.87340546,14.04361916,8.67684269,0
202312091146_A_14.WAV,0.193520784,2527.141584,1154.077391,3296.316627,0.206180696,-468.9535522,58.36156464,-74.16551971,66.02906036,35.31566238,-14.38358593,7.430265427,8.470445633,-13.88019562,9.313486099,12.66673756,25.00855446,20.11899567,0
202312091146_A_15.WAV,0.198931679,2080.955256,1304.419075,2869.752117,0.171464296,-524.0877686,81.81893158,-52.46388245,35.06426239,48.58943176,2.399224997,0.869160354,9.006070137,-13.29649353,12.20746231,3.948956251,6.050467968,33.25218964,0
202312091146_A_16.WAV,0.180607662,2422.882423,1246.756573,3225.558472,0.196707589,-508.5253296,64.87052155,-60.86263657,61.65563965,36.42891312,2.729693651,-6.197692871,7.343144894,-12.26428699,11.4893446,10.13281441,11.33821106,17.06509972,0
202312091146_A_17.WAV,0.181037933,2348.255689,1386.783732,3245.211271,0.188595655,-533.6500854,69.48991394,-42.43899918,64.87271118,36.75169754,4.373539925,-0.007513673,8.193744659,-13.96175766,12.05052757,4.950014591,17.13594437,19.0828743,0
202312091146_A_18.WAV,0.16663757,2269.329983,1391.374543,3013.860637,0.189560309,-540.9868164,86.76649475,-46.4486351,54.8430481,32.72449875,-3.931419611,-8.715802193,6.199079037,-12.45374775,8.90573597,4.851449966,18.93759155,23.3693676,0
202312091146_A_19.WAV,0.233524457,2026.972665,1441.188007,3109.675399,0.176365065,-515.4434204,89.25837708,-39.16810989,73.74409485,51.59677887,5.329291344,3.704483747,12.08989906,-12.84458447,12.4583683,1.081546307,18.14180374,24.94448662,0
202312091146_A_2.WAV,0.233184978,2315.517448,1209.406316,3127.441406,0.171968006,-477.2204285,80.45533752,-91.99700928,44.95397949,44.30098724,-38.56538773,-3.826443911,28.59466553,-5.820049763,10.51571178,-8.832497597,-3.881522417,18.26963234,0
202312091146_A_20.WAV,0.220800683,2321.118436,1634.269884,3309.384155,0.181900024,-458.3601074,71.32931519,-28.16099358,72.17868042,47.91454697,2.076381207,-2.419660568,11.70863914,-13.64366436,5.69963789,-0.090577602,19.24430466,12.22557259,0
202312091146_A_21.WAV,0.194512725,1770.327459,1746.741716,2711.916935,0.129509421,-507.4914856,104.2289581,-28.52877617,30.35655594,40.21592712,25.9989872,-2.202261686,41.5550499,-15.43008995,-4.505631447,-5.030926704,-0.839553356,11.31082058,0
202312091146_A_22.WAV,0.181803063,2126.968441,1482.360133,2919.431305,0.176589966,-521.59729,81.02658844,-32.20508575,71.19688416,39.62319946,7.69919157,2.923649788,16.45628357,-7.655954361,5.265872478,12.33730888,29.1451149,7.446508408,0
202312091146_A_23.WAV,0.22656545,2325.06575,1675.57393,3375.818981,0.189941406,-528.9745483,62.97957611,-25.58565521,82.95375061,29.65928841,4.143331528,10.61458111,17.9681797,-3.73366189,16.16598511,11.48640823,27.47982597,7.666001797,0
202312091146_A_24.WAV,0.181352139,2399.668071,1619.858934,3413.874023,0.199511719,-490.9732666,60.67447281,-19.4263382,83.24036407,25.71468544,5.97626543,4.018476963,11.86264133,-5.499303818,18.26357269,12.68218136,28.21243095,9.660879135,0
202312091146_A_25.WAV,0.223086044,2456.633395,1385.318405,3309.90178,0.175386869,-407.4713745,47.57637024,-60.85990524,61.89970016,40.95166016,-3.415441275,-0.807827532,16.21770096,-7.146983147,12.26147461,8.232948303,25.30384445,28.02289581,0
202312091146_A_26.WAV,0.237831175,2553.492313,1700.503534,3531.893921,0.160909017,-396.6252441,41.83820343,-48.03598022,46.62479782,34.31233215,4.433096886,-2.204267502,10.25729275,-16.03011322,14.09542179,0.705501497,21.89568138,38.53707504,0
202312091146_A_27.WAV,0.173473954,2108.300542,1645.448515,3331.926727,0.154785156,-451.3319702,76.09142303,-35.99792099,40.27192688,23.94974899,18.73275757,-2.974926472,18.99595642,-11.05006218,-5.309733868,16.51917267,20.56401634,26.45577049,0
202312091146_A_28.WAV,0.18572937,2353.167471,1435.379814,3316.113281,0.184095982,-493.7943726,58.15562057,-48.11991882,65.23518372,37.92238617,13.8790884,3.67393589,13.71043491,-11.2391119,24.9353199,12.63171482,24.90039825,11.21611404,0
202312091146_A_29.WAV,0.176592752,2182.822245,1480.828243,3247.648738,0.175580929,-501.1551514,83.1399765,-37.48028564,49.67028046,37.54523087,14.04108334,3.051720381,19.50625992,-19.56235886,11.66830158,11.75560474,22.68696785,20.12852097,0
202312091146_A_3.WAV,0.268231243,2248.725694,1258.620764,3144.59018,0.19339305,-510.6809082,100.6875305,-79.75440979,56.09495926,46.3546257,-17.67237473,9.812412262,16.49185562,-14.44255543,6.407574177,-10.58047867,-7.134490013,16.20089912,0
202312091146_A_30.WAV,0.182172388,2281.91206,1590.994475,3297.696726,0.173532586,-489.6389771,70.91005707,-29.90371513,56.99457932,31.19137764,8.453433037,-9.448361397,19.90042305,-18.71300888,21.25689507,9.232005119,31.97944069,23.78190041,0
202312091146_A_31.WAV,0.206971049,2293.648014,1526.961211,3357.457031,0.163320313,-460.0773315,66.87020874,-50.25413513,62.8276062,26.00845909,12.06110477,-6.637636185,15.05340672,-5.458509445,0.872634828,-2.139528275,26.96712494,25.42667389,0
202312091146_A_32.WAV,0.167124271,2237.406943,1537.752206,3350.805664,0.155029297,-400.6954346,56.91968536,-50.46216202,43.71609116,24.04749107,15.214571,-10.18855286,9.89346981,-20.49596596,3.757170677,21.05205536,21.27885628,19.01327133,0
202312091146_A_33.WAV,0.144293725,1952.486969,1390.193699,2734.126846,0.141501231,-437.9341125,67.38619995,-39.67883682,30.21657372,24.6101284,18.28422356,2.709819794,22.14541245,-18.55169296,-19.25325394,15.89680386,31.20663261,29.49401283,0
202312091146_A_34.WAV,0.161813989,2004.147667,1346.655054,2951.279297,0.134619141,-430.7911682,65.87029266,-57.10847092,35.99703217,30.0330143,22.15782738,10.25218773,11.77972412,-17.30634499,5.016812801,16.93476295,18.67390442,22.73221397,0
202312091146_A_35.WAV,0.209398597,2338.772548,1213.72537,3227.208868,0.196424428,-450.2757568,54.06243896,-54.13807297,51.27000809,39.4704361,14.10819435,14.31624222,-2.093561888,-9.749247551,17.96227455,5.888267517,12.44452286,25.7834301,0
202312091146_A_36.WAV,0.208964691,2264.612768,1184.07158,3082.693359,0.186933594,-440.2236633,73.19437408,-82.97982788,58.0607338,50.24668121,3.601365328,-5.238383293,13.69984818,-13.11321545,18.16904831,9.455094337,13.01501846,29.41874695,0
202312091146_A_37.WAV,0.152999818,2180.698134,1240.3428,2947.65625,0.179090712,-501.3931885,73.45580292,-55.61578751,63.21296692,43.76805115,9.838704109,1.324877381,8.337425232,-2.409849167,19.77195168,8.013324738,16.92171097,23.44356346,0
202312091146_A_38.WAV,0.185968921,2016.029959,1568.184828,3054.704826,0.169108073,-540.1115723,85.47542572,-30.71896553,52.30605316,42.10897446,12.95382881,6.433524132,8.681672096,-7.40509367,20.16930199,2.711256981,18.31716728,21.8493824,0
202312091146_A_39.WAV,0.169856384,1956.895819,1469.616325,3061.027644,0.141836313,-489.5015869,89.90180206,-49.88978958,36.34823608,34.54152679,16.99603271,16.40526009,2.160502434,-11.40162754,10.2189045,-4.345626354,23.2476635,30.92847824,0
202312091146_A_4.WAV,0.190730304,2223.455578,1166.475872,3018.448415,0.175379136,-515.206543,93.12433624,-88.27838898,56.5711937,57.43223572,-9.604166031,5.441524982,20.97719002,-5.887969494,4.839840889,-13.88131046,-6.357577324,18.26588058,0
202312091146_A_41.WAV,0.20442833,1946.832004,1584.942966,2853.3998,0.154875999,-509.0360718,102.6130066,-34.13106537,31.68556976,27.83927345,20.37537766,-5.509310722,26.05541229,-12.36836147,-14.12488174,5.769181252,4.874493122,9.370837212,0
202312091146_A_42.WAV,0.215001971,2264.023449,1460.714487,3235.148438,0.187278646,-486.7945251,81.92302704,-35.89558029,48.08766937,32.19337082,11.70517254,2.214954138,12.44610882,-19.13561058,16.98225021,5.32493782,24.5130825,23.93377876,0
202312091146_A_43.WAV,0.195875257,2139.089349,1570.595985,3138.729108,0.155201396,-497.4962158,74.01142883,-27.47232437,42.07713699,34.95901489,13.88994884,10.54564762,4.403086185,-10.27690411,14.74728107,-0.246051118,26.53564453,23.97468376,0
202312091146_A_44.WAV,0.183522075,1775.379476,1535.379899,2596.258301,0.130332031,-523.942627,99.20249176,-31.85736084,28.57256317,29.77458,22.65971947,-1.63402319,17.48012733,-12.43283081,1.532698035,18.3291626,24.50418282,29.66393471,0
202312091146_A_45.WAV,0.206359848,1804.829921,1486.402329,2635.563908,0.143384357,-525.0527344,100.9534073,-38.53997421,30.49715614,58.17781448,14.73366642,-8.950424194,21.89539909,-17.16688728,11.83303642,10.49392509,12.87213993,27.56588936,0
202312091146_A_46.WAV,0.18685177,1954.274632,1248.044742,2752.91748,0.154459635,-497.6180725,94.97964478,-57.42732239,49.08680344,44.27422714,11.34869385,2.473623276,11.17661095,-16.21693993,12.2488575,13.24961185,19.6176548,24.49564362,0
202312091146_A_47.WAV,0.215387836,1957.784131,1744.504675,3128.15918,0.144252232,-467.1917419,91.53791046,-25.35732269,43.93681335,43.37685013,19.88157654,-8.298561096,11.69197273,-12.631423,5.009752274,-0.891404152,12.55316925,28.62432861,0
202312091146_A_48.WAV,0.192842841,2205.91224,1690.554632,3117.267609,0.163833618,-501.392395,72.72444153,-34.686203,50.77886581,41.94075012,10.20101929,-14.12714577,16.84363937,-9.143510818,16.94953918,0.572442055,34.13799286,23.6425705,0
202312091146_A_49.WAV,0.187425777,2098.305749,1488.071112,3255.775452,0.162109375,-504.9414063,84.79524994,-42.88477707,46.2406311,27.41114807,16.47093201,3.772786379,10.74215412,-17.53949165,21.79473305,11.82591534,23.90268898,26.3894577,0
202312091146_A_5.WAV,0.190404043,2328.017238,1373.91262,3174.711914,0.186946615,-548.1846313,73.4831543,-56.69646454,58.24620819,45.44974136,3.584625721,1.57953918,11.76666641,-18.88193321,11.8758955,6.357716084,17.25369644,24.50210762,0
202312091146_A_50.WAV,0.178330123,2186.684729,1497.68996,3001.522033,0.180155715,-498.9928284,75.84285736,-33.16003799,43.10928726,41.44931412,14.62119579,1.814136624,10.65137577,-6.937475204,23.0345726,3.598732233,20.38579369,19.46719742,0
202312091146_A_6.WAV,0.168844298,2638.59099,1521.234813,3548.791504,0.222195095,-547.6242065,56.79564285,-33.04479218,81.89647675,28.92870331,-4.823067188,3.703422546,15.42944717,-10.87532234,13.73503494,5.752226353,14.93046188,8.457660675,0
202312091146_A_7.WAV,0.170584798,2448.10627,1353.165061,3205.986328,0.208914621,-546.7255859,72.23799133,-44.28354263,74.73282623,38.04134369,-4.833703518,-4.27445364,9.265864372,-10.17428303,6.72474575,2.600844383,14.15934086,13.05022526,0
202312091146_A_8.WAV,0.190175354,2589.754944,1360.68761,3371.940104,0.212619358,-560.256958,52.99097443,-56.12306213,66.71187592,30.23306656,-9.005723,-0.966611207,9.577275276,-11.21159172,9.851790428,8.962182045,19.0445118,10.68472099,0
202312091146_A_9.WAV,0.179029703,2500.437866,1223.993817,3148.415305,0.199470289,-535.5928345,56.77041626,-66.60682678,64.13448334,36.99062729,-3.853754044,-0.775593281,19.11653709,-13.85907269,-1.278294444,3.181728363,16.70781326,14.74170876,0
202312101016_A_1.WAV,0.166342959,3130.959154,1983.774472,5026.070463,0.185221354,-541.741272,9.817525864,-41.59421921,32.47255325,17.84609222,7.470297813,-4.081677437,7.989744663,-18.04541397,24.20674896,13.77271271,29.19820213,-6.716065884,0
202312101016_A_10.WAV,0.168687329,2671.420356,1737.222472,3763.803597,0.183196312,-556.6201782,36.74308777,-51.86489868,31.11590767,4.073430061,-0.62605685,-11.74386978,5.258187771,-20.49414825,27.25699234,20.17586708,24.30979156,-3.576425314,0
202312101016_A_11.WAV,0.179097578,2662.594531,1771.400254,3680.383301,0.191040039,-590.2787476,55.97532272,-50.25349426,32.10137558,22.27483559,-3.209787369,1.305299044,7.439087391,-27.88801575,16.08257866,5.718660831,21.61307335,13.46288586,0
202312101016_A_2.WAV,0.182570085,3027.07452,1797.747847,4243.117676,0.199462891,-488.0789185,16.69999695,-52.31271362,48.88602448,21.83186913,4.585051537,-9.120215416,4.594521523,-32.10475922,23.52763939,0.669365346,22.2318325,-7.902435303,0
202312101016_A_3.WAV,0.255886704,2374.990153,2154.709224,4438.890381,0.169881185,-529.4283447,77.19380951,-7.81431675,49.15697861,30.17279053,6.561048031,-11.00181293,13.27953815,-32.66969681,21.09292603,-1.435095429,16.72053719,24.49692345,0
202312101016_A_4.WAV,0.220276058,3144.640133,1903.182674,4561.151123,0.240370009,-567.7804565,35.64546585,-37.7808609,44.48151779,-11.45211411,-5.441383362,1.436223388,7.913938046,-11.33956051,32.81181335,10.1458559,23.82077789,-2.719020367,0
202312101016_A_5.WAV,0.18618159,3052.860147,1890.613085,4825.309952,0.200938349,-563.7412109,33.54701614,-39.72992325,52.12743759,-5.795172215,-7.690838814,-14.02215672,7.284071445,-14.25597191,23.78243637,11.03681183,31.28857613,6.516432285,0
202312101016_A_6.WAV,0.136694297,2144.609865,1729.230417,2910.212402,0.129296875,-594.6419678,72.97885895,-42.37220764,0.140985042,9.625967979,0.496294618,-11.77613735,8.421481133,-28.91934013,19.1066494,34.44137192,27.76452255,0.399259001,0
202312101016_A_7.WAV,0.151172891,2167.773438,1851.261729,3397.390568,0.132611443,-579.4649048,79.3301239,-25.02179146,16.29696465,5.602855682,-4.118843079,-27.27383232,-2.910055161,-20.6633358,15.16578484,6.1735816,24.76102638,22.10917854,0
202312101016_A_8.WAV,0.18874681,2512.032425,1774.639204,3746.777344,0.169108073,-563.6520996,62.85425568,-36.11822128,35.51359558,-11.50658512,-11.58682251,-12.978158,-2.72818017,-17.85388184,18.80685997,12.77365208,30.32052994,9.413696289,0
202312101016_A_9.WAV,0.235652044,2616.821327,1597.977113,3538.110352,0.197358631,-531.4928589,46.92772675,-48.48870468,47.33151627,7.708899975,-3.294706345,-12.23655319,3.78816843,-13.61342621,26.21216965,11.41105461,20.49115372,-2.523716688,0
202312130956_A_1.WAV,0.35000968,2288.4853,2040.831155,3895.062811,0.142933239,-549.3995972,79.4662323,-18.71259308,46.12241745,39.89996719,7.361316204,-5.432810307,29.4107666,-29.76469612,29.52915573,16.01311684,20.97952461,19.77887154,0
202312130956_A_2.WAV,0.31015417,2136.339589,2142.062924,3885.845947,0.138753255,-545.7871094,75.10296631,-0.548500717,59.9425087,27.256073,22.00325012,0.415399462,4.715000629,-9.056768417,27.25013161,4.644105911,25.98974037,1.797756314,0
202312130956_A_3.WAV,0.257338881,2110.033153,1922.515169,3630.13916,0.160617405,-492.1835938,92.3819809,-8.417346954,62.27106476,30.40013885,-6.580440044,2.151984692,15.21516037,-13.74564552,19.65088654,10.31325817,23.5199585,12.08653641,0
202312130956_A_4.WAV,0.156910583,2324.404496,1688.101714,3456.796875,0.174251302,-552.5743408,68.64490509,-32.60421371,61.43871689,25.99226189,-1.513116479,-9.844931602,12.93159771,1.205422282,29.05291557,14.0877161,33.57370758,14.55074883,0
202312130956_A_5.WAV,0.201079145,2167.097807,1919.927928,3789.84375,0.139069734,-497.7282715,85.93104553,-30.80646706,24.56751442,45.06655502,17.05957413,-13.21374512,20.21286964,-15.28928089,17.4981823,27.8424511,29.14007568,7.046038628,0
202312130956_A_6.WAV,0.202955127,2099.29872,1541.708859,2951.02761,0.160400391,-510.7531128,82.90138245,-46.09420013,33.3996582,39.55993271,13.18559361,-9.350909233,7.49084425,-7.996527195,32.12756729,25.21336174,32.37292862,2.073715448,0
202312130956_A_7.WAV,0.231976211,2102.129786,1667.562771,2685.070801,0.164659288,-536.8554688,96.02307129,-38.65326691,12.57350636,47.03089523,11.78629684,-17.61710358,28.09892845,-22.78113747,9.7531147,28.57818222,32.04811096,19.92649078,0
202312150718_A_1.WAV,0.185315892,2060.742264,1441.975361,2805.613852,0.176951282,-507.9545898,93.1581192,-43.05467987,33.28172302,28.78619766,8.057050705,2.047853947,28.71143341,-19.55692863,-0.484909475,6.612493038,26.84693718,27.79934311,0
202312150718_A_2.WAV,0.190146163,1660.936226,1869.582438,3220.896149,0.108062744,-524.2496338,107.1474915,-3.472986698,44.2983551,9.551084518,23.03053284,-10.18877316,18.14886856,1.373554468,-11.17154884,-8.258501053,20.00843048,22.19460297,0
202312150718_A_3.WAV,0.154358923,1926.699751,1711.899692,3400.092773,0.123079427,-472.8382263,95.32408905,-19.10771561,53.23458481,-1.874526978,6.435461521,-6.252996445,12.00627613,-10.99079609,-9.811410904,6.520994663,36.10965729,29.40434456,0
202312221213_A_1.WAV,0.321889788,2053.038912,2024.754182,3687.692335,0.13875524,-493.1086731,69.4600296,-12.73442554,64.38387299,38.60531998,22.74586296,2.656918287,11.8767786,1.006295681,6.929141998,-18.21590424,8.510004997,13.05603218,0
202312221213_A_2.WAV,0.179031566,2740.501988,1897.79599,4191.934908,0.174429087,-546.8925781,37.35676956,-51.91764069,40.21939468,26.28896904,18.27490044,-5.439436913,13.42282104,-7.461323261,15.26621628,-21.33077621,6.910967827,15.67434502,0
202312221213_A_3.WAV,0.239948466,3627.930462,1984.730897,5962.997276,0.237715872,-502.4667358,-17.64304352,-34.33945465,70.39699554,22.06780624,12.89993095,-0.900067151,23.55788422,-12.33192921,9.400190353,-16.13869095,22.9454174,9.91502285,0
202312221213_A_4.WAV,0.485041916,2412.907818,2772.81814,5732.624102,0.095655144,-635.4586792,70.38194275,27.02566719,42.87345505,26.14719772,21.07597733,-0.690672994,14.65424156,1.145084262,6.081041813,-4.269020557,8.587527275,7.415996075,0
202312221213_A_5.WAV,0.21321623,3028.120279,1707.484225,4184.170532,0.250671387,-485.338562,35.24789047,-30.25306129,100.2653351,8.163558006,25.15838051,18.50241852,22.29238319,-15.55958271,18.73532867,-9.742752075,12.75450516,21.5592308,0
202312221213_A_6.WAV,0.244738266,3437.124244,2046.437157,5302.55127,0.242292132,-519.6114502,18.20345879,-13.34237576,87.40558624,3.72343874,2.611852169,12.49575901,16.81000328,-8.61071682,8.554689407,-2.162485361,-2.011024952,13.01893139,0
